{
  "project_info": {
    "project_number": "377941126479",
    "firebase_url": "https://simhat-zkenty.firebaseio.com",
    "project_id": "simhat-zkenty",
    "storage_bucket": "simhat-zkenty.appspot.com"
  },
  "client": [
    {
      "client_info": {
        "mobilesdk_app_id": "1:377941126479:android:6713b9b9712d5ccd17e93a",
        "android_client_info": {
          "package_name": "com.simhatzkenty.app"
        }
      },
      "oauth_client": [
        {
          "client_id": "377941126479-mbbmj5aaacjqrd5d48abkj17qos4v841.apps.googleusercontent.com",
          "client_type": 1,
          "android_info": {
            "package_name": "com.simhatzkenty.app",
            "certificate_hash": "1e5407ef4f39484af42db4c89feb1182347e2168"
          }
        },
        {
          "client_id": "377941126479-70vb0jtmhuoksg2r0r3jhbi9975b4sla.apps.googleusercontent.com",
          "client_type": 3
        }
      ],
      "api_key": [
        {
          "current_key": "AIzaSyBt6Hn6BGjIPdquk22I93-Asc2QPys3t-g"
        }
      ],
      "services": {
        "appinvite_service": {
          "other_platform_oauth_client": [
            {
              "client_id": "377941126479-70vb0jtmhuoksg2r0r3jhbi9975b4sla.apps.googleusercontent.com",
              "client_type": 3
            }
          ]
        }
      }
    }
  ],
  "configuration_version": "1"
}