{
  "appId": "com.simhatzkenty.app",
  "appName": "MyIonicProject",
  "bundledWebRuntime": false,
  "npmClient": "npm",
  "webDir": "www",
  "cordova": {
    "preferences": {
      "ScrollEnabled": "false",
      "android-minSdkVersion": "19",
      "BackupWebStorage": "none",
      "SplashMaintainAspectRatio": "true",
      "FadeSplashScreenDuration": "300",
      "SplashShowOnlyFirstTime": "false",
      "SplashScreen": "screen",
      "SplashScreenDelay": "3000"
    }
  }
}
